"First Name","Last Name",Country,Email,Phone,LoyaltyPoints
Liam,Nguyen,China,NULL,NULL,NULL
Zhang,Rossi,Mexico,NULL,NULL,NULL
Carlos,Khan,China,NULL,NULL,NULL
Hiroshi,Kim,Russia,NULL,NULL,NULL
Muhammad,Martinez,Vietnam,NULL,NULL,NULL
Lucas,Khan,Australia,NULL,NULL,NULL
Hiroshi,Nguyen,Australia,NULL,NULL,NULL
Santiago,Schneider,Canada,NULL,NULL,NULL
Santiago,Khan,Nigeria,NULL,NULL,NULL
Lucas,Garcia,Spain,NULL,NULL,NULL
Maria,Rossi,Japan,NULL,NULL,NULL
Chen,Garcia,Spain,NULL,NULL,NULL
Maria,Silva,India,NULL,NULL,NULL
Sara,Garcia,Italy,NULL,NULL,NULL
Isabella,Johansson,Spain,NULL,NULL,NULL
Carlos,Garcia,"United Kingdom",NULL,NULL,NULL
Carlos,Hassan,Canada,NULL,NULL,NULL
Ingrid,Ivanov,Russia,NULL,NULL,NULL
Fatima,Nguyen,Vietnam,NULL,NULL,NULL
David,Patel,Mexico,NULL,NULL,NULL
Elena,MYller,India,NULL,NULL,NULL
Lucas,Smith,Nigeria,NULL,NULL,NULL
Santiago,Dubois,Egypt,NULL,NULL,NULL
John,Nguyen,France,NULL,NULL,NULL
Aisha,Khan,India,NULL,NULL,NULL
Ingrid,Khan,Italy,NULL,NULL,NULL
Lucas,Martinez,"South Korea",NULL,NULL,NULL
Olivia,Rossi,Vietnam,NULL,NULL,NULL
Aisha,Sato,Pakistan,NULL,NULL,NULL
Fatima,Martinez,Mexico,NULL,NULL,NULL
Santiago,Rossi,Brazil,NULL,NULL,NULL
Aisha,Dubois,Japan,NULL,NULL,NULL
Ingrid,Hassan,India,NULL,NULL,NULL
Isabella,Johansson,"South Korea",NULL,NULL,NULL
John,Brown,Nigeria,NULL,NULL,NULL
Zhang,Brown,Sweden,NULL,NULL,NULL
Hiroshi,Kim,Sweden,NULL,NULL,NULL
Lucas,MYller,Germany,NULL,NULL,NULL
Elena,Smith,Canada,NULL,NULL,NULL
Ingrid,Yamamoto,Spain,NULL,NULL,NULL
Zhang,Garcia,India,NULL,NULL,NULL
Santiago,Johansson,Spain,NULL,NULL,NULL
Carlos,Nguyen,Japan,NULL,NULL,NULL
Liam,Sato,Vietnam,NULL,NULL,NULL
Santiago,Khan,Australia,NULL,NULL,NULL
David,Johansson,"United Kingdom",NULL,NULL,NULL
Hiroshi,Garcia,"South Korea",NULL,NULL,NULL
Carlos,Kim,Italy,NULL,NULL,NULL
Fatima,Martinez,Japan,NULL,NULL,NULL
Fatima,Brown,China,NULL,NULL,NULL
Sophia,Smith,India,NULL,NULL,NULL
Olivia,Khan,Pakistan,NULL,NULL,NULL
Carlos,MYller,India,NULL,NULL,NULL
Isabella,Yamamoto,Pakistan,NULL,NULL,NULL
John,Martinez,"United Kingdom",NULL,NULL,NULL
Zhang,Patel,Mexico,NULL,NULL,NULL
Ahmed,MYller,Italy,NULL,NULL,NULL
Muhammad,Nguyen,Nigeria,NULL,NULL,NULL
Ahmed,Garcia,Canada,NULL,NULL,NULL
Liam,Brown,Spain,NULL,NULL,NULL
David,Kim,Russia,NULL,NULL,NULL
John,Johansson,Russia,NULL,NULL,NULL
Elena,Johansson,Russia,NULL,NULL,NULL
Elena,Khan,Canada,NULL,NULL,NULL
Elena,Silva,Brazil,NULL,NULL,NULL
Isabella,Martinez,Australia,NULL,NULL,NULL
Elena,Johansson,Nigeria,NULL,NULL,NULL
Olivia,Silva,Australia,NULL,NULL,NULL
David,Khan,Nigeria,NULL,NULL,NULL
Fatima,Rossi,Egypt,NULL,NULL,NULL
Fatima,Khan,Sweden,NULL,NULL,NULL
Sophia,Johansson,"United States",NULL,NULL,NULL
Maria,Patel,"United States",NULL,NULL,NULL
John,Silva,Sweden,NULL,NULL,NULL
Chen,Schneider,Japan,NULL,NULL,NULL
Lucas,Rossi,Nigeria,NULL,NULL,NULL
Sophia,Yamamoto,"South Korea",NULL,NULL,NULL
Ingrid,Nguyen,"United States",NULL,NULL,NULL
Aisha,Ivanov,"United Kingdom",NULL,NULL,NULL
Muhammad,Garcia,India,NULL,NULL,NULL
Muhammad,Sato,"United Kingdom",NULL,NULL,NULL
Sara,Sato,China,NULL,NULL,NULL
Hiroshi,Hassan,France,NULL,NULL,NULL
Fatima,Garcia,India,NULL,NULL,NULL
Olivia,Patel,Pakistan,NULL,NULL,NULL
Ingrid,Silva,Mexico,NULL,NULL,NULL
Aisha,Kim,Canada,NULL,NULL,NULL
Aisha,Johansson,China,NULL,NULL,NULL
Lucas,Smith,Sweden,NULL,NULL,NULL
Isabella,MYller,France,NULL,NULL,NULL
Santiago,Johansson,Brazil,NULL,NULL,NULL
Ahmed,Khan,Sweden,NULL,NULL,NULL
Hiroshi,Johansson,China,NULL,NULL,NULL
Ahmed,Sato,"South Korea",NULL,NULL,NULL
Isabella,Schneider,Vietnam,NULL,NULL,NULL
Ingrid,Lee,Russia,NULL,NULL,NULL
Ingrid,Rossi,Germany,NULL,NULL,NULL
Zhang,Nguyen,Germany,NULL,NULL,NULL
Santiago,Khan,Japan,NULL,NULL,NULL
Elena,Sato,China,NULL,NULL,NULL
Chen,Dubois,Egypt,NULL,NULL,NULL
Carlos,Rossi,Russia,NULL,NULL,NULL
Sara,MYller,Russia,NULL,NULL,NULL
Lucas,Garcia,Canada,NULL,NULL,NULL
Aisha,Khan,Sweden,NULL,NULL,NULL
Muhammad,Smith,Vietnam,NULL,NULL,NULL
Santiago,Khan,Germany,NULL,NULL,NULL
Ingrid,Smith,"United States",NULL,NULL,NULL
John,Kim,Nigeria,NULL,NULL,NULL
David,Khan,Italy,NULL,NULL,NULL
Maria,Khan,Mexico,NULL,NULL,NULL
David,Silva,Vietnam,NULL,NULL,NULL
Lucas,Patel,"United States",NULL,NULL,NULL
Liam,Martinez,"United States",NULL,NULL,NULL
Elena,Olsen,"United Kingdom",NULL,NULL,NULL
Carlos,MYller,China,NULL,NULL,NULL
Chen,Khan,Japan,NULL,NULL,NULL
Elena,Kim,India,NULL,NULL,NULL
Liam,Brown,India,NULL,NULL,NULL
Liam,Yamamoto,Sweden,NULL,NULL,NULL
Muhammad,MYller,Spain,NULL,NULL,NULL
Ahmed,Johansson,Pakistan,NULL,NULL,NULL
Fatima,Sato,India,NULL,NULL,NULL
Zhang,Kim,Mexico,NULL,NULL,NULL
Sophia,Sato,Italy,NULL,NULL,NULL
Liam,Olsen,Spain,NULL,NULL,NULL
Ahmed,Yamamoto,Mexico,NULL,NULL,NULL
Sara,Khan,Vietnam,NULL,NULL,NULL
Isabella,Olsen,Germany,NULL,NULL,NULL
Elena,Silva,Spain,NULL,NULL,NULL
Olivia,Olsen,Pakistan,NULL,NULL,NULL
David,Brown,France,NULL,NULL,NULL
Ingrid,Yamamoto,"South Korea",NULL,NULL,NULL
Aisha,Rossi,Japan,NULL,NULL,NULL
Fatima,Ivanov,Vietnam,NULL,NULL,NULL
Maria,Lee,China,NULL,NULL,NULL
Muhammad,Nguyen,"United States",NULL,NULL,NULL
Muhammad,Martinez,"United Kingdom",NULL,NULL,NULL
Sara,Rossi,Russia,NULL,NULL,NULL
Sophia,Kim,"South Korea",NULL,NULL,NULL
Aisha,Silva,Japan,NULL,NULL,NULL
Santiago,Silva,Sweden,NULL,NULL,NULL
Chen,Kim,"United States",NULL,NULL,NULL
Aisha,Nguyen,China,NULL,NULL,NULL
Muhammad,Yamamoto,Italy,NULL,NULL,NULL
Isabella,Lee,Italy,NULL,NULL,NULL
Isabella,Rossi,Canada,NULL,NULL,NULL
Liam,Dubois,China,NULL,NULL,NULL
Chen,Smith,Australia,NULL,NULL,NULL
Chen,Nguyen,Vietnam,NULL,NULL,NULL
Liam,Olsen,Mexico,NULL,NULL,NULL
Carlos,Silva,Brazil,NULL,NULL,NULL
Elena,Kim,"South Korea",NULL,NULL,NULL
Aisha,Johansson,India,NULL,NULL,NULL
Fatima,Hassan,Egypt,NULL,NULL,NULL
Muhammad,Silva,Australia,NULL,NULL,NULL
John,Rossi,Italy,NULL,NULL,NULL
John,Hassan,"United States",NULL,NULL,NULL
Aisha,Kim,China,NULL,NULL,NULL
Isabella,Smith,Vietnam,NULL,NULL,NULL
Elena,Smith,"South Korea",NULL,NULL,NULL
Elena,Kim,Brazil,NULL,NULL,NULL
Liam,Rossi,Sweden,NULL,NULL,NULL
John,Khan,China,NULL,NULL,NULL
Liam,Yamamoto,Nigeria,NULL,NULL,NULL
Isabella,MYller,Russia,NULL,NULL,NULL
Aisha,Rossi,Spain,NULL,NULL,NULL
Muhammad,Sato,Egypt,NULL,NULL,NULL
Muhammad,Johansson,China,NULL,NULL,NULL
Sara,Khan,India,NULL,NULL,NULL
Sophia,Rossi,Spain,NULL,NULL,NULL
Maria,Martinez,Sweden,NULL,NULL,NULL
Olivia,Patel,Spain,NULL,NULL,NULL
Hiroshi,Smith,Japan,NULL,NULL,NULL
Maria,Ivanov,India,NULL,NULL,NULL
Fatima,Olsen,Vietnam,NULL,NULL,NULL
Ahmed,Brown,Canada,NULL,NULL,NULL
John,Garcia,"South Korea",NULL,NULL,NULL
Elena,Johansson,Canada,NULL,NULL,NULL
Santiago,Smith,Pakistan,NULL,NULL,NULL
Maria,Khan,Brazil,NULL,NULL,NULL
Ingrid,Schneider,Vietnam,NULL,NULL,NULL
David,Khan,Germany,NULL,NULL,NULL
Fatima,Sato,Nigeria,NULL,NULL,NULL
Fatima,Yamamoto,Australia,NULL,NULL,NULL
Fatima,Brown,"United Kingdom",NULL,NULL,NULL
Ahmed,Sato,"United Kingdom",NULL,NULL,NULL
Ahmed,Rossi,Australia,NULL,NULL,NULL
Elena,Ivanov,India,NULL,NULL,NULL
Sara,MYller,Canada,NULL,NULL,NULL
Ingrid,Olsen,France,NULL,NULL,NULL
Fatima,Khan,Spain,NULL,NULL,NULL
Lucas,Kim,"United States",NULL,NULL,NULL
Ingrid,Dubois,Vietnam,NULL,NULL,NULL
Aisha,Silva,Canada,NULL,NULL,NULL
Carlos,Silva,Russia,NULL,NULL,NULL
Hiroshi,Smith,Mexico,NULL,NULL,NULL
Ingrid,Olsen,France,NULL,NULL,NULL
Muhammad,Silva,"South Korea",NULL,NULL,NULL
Muhammad,Smith,France,NULL,NULL,NULL
Muhammad,Ivanov,Australia,NULL,NULL,NULL
Maria,Rossi,India,NULL,NULL,NULL
John,Smith,Sweden,NULL,NULL,NULL
Zhang,Patel,Brazil,NULL,NULL,NULL
Sara,Hassan,China,NULL,NULL,NULL
Aisha,Silva,India,NULL,NULL,NULL
Hiroshi,Johansson,"United Kingdom",NULL,NULL,NULL
Hiroshi,Ivanov,China,NULL,NULL,NULL
Maria,Smith,Australia,NULL,NULL,NULL
Ingrid,Yamamoto,Sweden,NULL,NULL,NULL
Carlos,Kim,Brazil,NULL,NULL,NULL
David,Martinez,China,NULL,NULL,NULL
Lucas,Khan,Australia,NULL,NULL,NULL
Santiago,Brown,"United Kingdom",NULL,NULL,NULL
Muhammad,Yamamoto,"United Kingdom",NULL,NULL,NULL
Olivia,Ivanov,Spain,NULL,NULL,NULL
Olivia,Khan,"United Kingdom",NULL,NULL,NULL
Santiago,Schneider,China,NULL,NULL,NULL
Muhammad,Johansson,Vietnam,NULL,NULL,NULL
Hiroshi,Ivanov,Japan,NULL,NULL,NULL
Isabella,Kim,"South Korea",NULL,NULL,NULL
Ahmed,Martinez,Egypt,NULL,NULL,NULL
Liam,Yamamoto,Brazil,NULL,NULL,NULL
Liam,Yamamoto,Canada,NULL,NULL,NULL
Liam,Rossi,Spain,NULL,NULL,NULL
Muhammad,Silva,Canada,NULL,NULL,NULL
Ahmed,Smith,Australia,NULL,NULL,NULL
Sophia,Garcia,France,NULL,NULL,NULL
Santiago,Martinez,Pakistan,NULL,NULL,NULL
Liam,Smith,Sweden,NULL,NULL,NULL
Lucas,Sato,Italy,NULL,NULL,NULL
Zhang,Dubois,"South Korea",NULL,NULL,NULL
Fatima,Dubois,Pakistan,NULL,NULL,NULL
Aisha,Johansson,France,NULL,NULL,NULL
Carlos,Khan,"South Korea",NULL,NULL,NULL
John,Dubois,Sweden,NULL,NULL,NULL
Olivia,Dubois,Russia,NULL,NULL,NULL
Santiago,Yamamoto,France,NULL,NULL,NULL
Sara,Martinez,Egypt,NULL,NULL,NULL
David,MYller,"South Korea",NULL,NULL,NULL
Maria,Johansson,Mexico,NULL,NULL,NULL
Ingrid,Olsen,Nigeria,NULL,NULL,NULL
David,Garcia,China,NULL,NULL,NULL
Chen,Lee,"South Korea",NULL,NULL,NULL
Ingrid,Khan,Brazil,NULL,NULL,NULL
Olivia,Yamamoto,India,NULL,NULL,NULL
Elena,Garcia,Nigeria,NULL,NULL,NULL
Lucas,Rossi,Mexico,NULL,NULL,NULL
Carlos,Schneider,India,NULL,NULL,NULL
Elena,Rossi,Germany,NULL,NULL,NULL
Muhammad,Brown,Sweden,NULL,NULL,NULL
Muhammad,Schneider,Italy,NULL,NULL,NULL
David,Nguyen,India,NULL,NULL,NULL
Sara,Martinez,Australia,NULL,NULL,NULL
Aisha,Sato,Brazil,NULL,NULL,NULL
Fatima,Schneider,Italy,NULL,NULL,NULL
Muhammad,Brown,Germany,NULL,NULL,NULL
Santiago,Rossi,France,NULL,NULL,NULL
Sara,Smith,Egypt,NULL,NULL,NULL
Elena,Patel,Italy,NULL,NULL,NULL
Muhammad,Kim,Nigeria,NULL,NULL,NULL
Elena,Yamamoto,Russia,NULL,NULL,NULL
Ingrid,Lee,"United Kingdom",NULL,NULL,NULL
Ahmed,Smith,Russia,NULL,NULL,NULL
David,Smith,Brazil,NULL,NULL,NULL
Isabella,Lee,India,NULL,NULL,NULL
Muhammad,Smith,Mexico,NULL,NULL,NULL
Hiroshi,Smith,Mexico,NULL,NULL,NULL
Liam,Sato,"United Kingdom",NULL,NULL,NULL
Zhang,Hassan,Russia,NULL,NULL,NULL
Sophia,Ivanov,Mexico,NULL,NULL,NULL
John,MYller,"United States",NULL,NULL,NULL
Ingrid,Rossi,Mexico,NULL,NULL,NULL
Aisha,Johansson,Pakistan,NULL,NULL,NULL
Olivia,Hassan,Vietnam,NULL,NULL,NULL
Aisha,Yamamoto,"United Kingdom",NULL,NULL,NULL
Aisha,Nguyen,Canada,NULL,NULL,NULL
Muhammad,Hassan,Italy,NULL,NULL,NULL
Elena,MYller,Egypt,NULL,NULL,NULL
Liam,MYller,"South Korea",NULL,NULL,NULL
Zhang,Smith,France,NULL,NULL,NULL
Isabella,Garcia,China,NULL,NULL,NULL
David,Dubois,Australia,NULL,NULL,NULL
David,Dubois,Canada,NULL,NULL,NULL
Liam,MYller,Spain,NULL,NULL,NULL
Ingrid,Martinez,Spain,NULL,NULL,NULL
Elena,Ivanov,India,NULL,NULL,NULL
Isabella,Kim,Italy,NULL,NULL,NULL
Elena,Silva,Vietnam,NULL,NULL,NULL
Lucas,Sato,Brazil,NULL,NULL,NULL
Hiroshi,Smith,Mexico,NULL,NULL,NULL
Santiago,Ivanov,Brazil,NULL,NULL,NULL
Olivia,Olsen,Nigeria,NULL,NULL,NULL
John,Olsen,Australia,NULL,NULL,NULL
Olivia,Sato,Italy,NULL,NULL,NULL
Zhang,Nguyen,Germany,NULL,NULL,NULL
Elena,Martinez,Nigeria,NULL,NULL,NULL
Ahmed,MYller,India,NULL,NULL,NULL
Santiago,Garcia,France,NULL,NULL,NULL
David,Schneider,"United States",NULL,NULL,NULL
Isabella,Olsen,"United Kingdom",NULL,NULL,NULL
David,Yamamoto,"United Kingdom",NULL,NULL,NULL
Muhammad,Schneider,Japan,NULL,NULL,NULL
Maria,Nguyen,Egypt,NULL,NULL,NULL
Muhammad,Rossi,Japan,NULL,NULL,NULL
Aisha,Rossi,Japan,NULL,NULL,NULL
Olivia,Patel,China,NULL,NULL,NULL
Chen,Patel,Nigeria,NULL,NULL,NULL
Santiago,Yamamoto,Spain,NULL,NULL,NULL
Ahmed,Garcia,Mexico,NULL,NULL,NULL
Olivia,Johansson,Pakistan,NULL,NULL,NULL
Ahmed,Rossi,China,NULL,NULL,NULL
Sophia,MYller,Russia,NULL,NULL,NULL
Chen,Garcia,Canada,NULL,NULL,NULL
Elena,Ivanov,Australia,NULL,NULL,NULL
Sara,Johansson,Germany,NULL,NULL,NULL
Ahmed,Nguyen,"United Kingdom",NULL,NULL,NULL
Isabella,Smith,Sweden,NULL,NULL,NULL
Santiago,Hassan,Japan,NULL,NULL,NULL
Santiago,Nguyen,"South Korea",NULL,NULL,NULL
Elena,Khan,"United States",NULL,NULL,NULL
Chen,Ivanov,"United States",NULL,NULL,NULL
Ahmed,Khan,Germany,NULL,NULL,NULL
Aisha,Dubois,Germany,NULL,NULL,NULL
Hiroshi,Kim,Mexico,NULL,NULL,NULL
Hiroshi,Olsen,Brazil,NULL,NULL,NULL
Sophia,Smith,Italy,NULL,NULL,NULL
Fatima,Smith,Pakistan,NULL,NULL,NULL
Zhang,Smith,China,NULL,NULL,NULL
Zhang,Lee,Australia,NULL,NULL,NULL
Chen,MYller,Sweden,NULL,NULL,NULL
John,Garcia,Canada,NULL,NULL,NULL
Aisha,Yamamoto,"United States",NULL,NULL,NULL
Aisha,Sato,Russia,NULL,NULL,NULL
Liam,Ivanov,Pakistan,NULL,NULL,NULL
Olivia,Martinez,Sweden,NULL,NULL,NULL
Hiroshi,Brown,China,NULL,NULL,NULL
Hiroshi,Olsen,"United States",NULL,NULL,NULL
Santiago,Lee,Japan,NULL,NULL,NULL
Aisha,Brown,Egypt,NULL,NULL,NULL
Muhammad,Sato,China,NULL,NULL,NULL
Muhammad,Silva,Sweden,NULL,NULL,NULL
Zhang,Patel,Mexico,NULL,NULL,NULL
Liam,MYller,Italy,NULL,NULL,NULL
Aisha,Patel,Brazil,NULL,NULL,NULL
David,Olsen,Vietnam,NULL,NULL,NULL
Muhammad,Kim,France,NULL,NULL,NULL
Lucas,Johansson,Japan,NULL,NULL,NULL
Elena,Smith,Vietnam,NULL,NULL,NULL
John,Sato,China,NULL,NULL,NULL
Isabella,Rossi,Japan,NULL,NULL,NULL
Sara,Hassan,India,NULL,NULL,NULL
Lucas,Lee,Spain,NULL,NULL,NULL
Fatima,Martinez,Pakistan,NULL,NULL,NULL
John,Dubois,Japan,NULL,NULL,NULL
Muhammad,Smith,Japan,NULL,NULL,NULL
John,Hassan,"United Kingdom",NULL,NULL,NULL
Sophia,Garcia,Germany,NULL,NULL,NULL
Sara,Patel,Vietnam,NULL,NULL,NULL
Ahmed,Smith,Egypt,NULL,NULL,NULL
John,Nguyen,Pakistan,NULL,NULL,NULL
Muhammad,Sato,"United States",NULL,NULL,NULL
David,Lee,Sweden,NULL,NULL,NULL
Sophia,Sato,Russia,NULL,NULL,NULL
Olivia,Garcia,Nigeria,NULL,NULL,NULL
Liam,Brown,Sweden,NULL,NULL,NULL
Aisha,Garcia,Canada,NULL,NULL,NULL
Isabella,Dubois,"South Korea",NULL,NULL,NULL
Chen,Garcia,"South Korea",NULL,NULL,NULL
Sara,Yamamoto,Japan,NULL,NULL,NULL
Ingrid,Hassan,"South Korea",NULL,NULL,NULL
Sara,Sato,Australia,NULL,NULL,NULL
Olivia,Lee,Mexico,NULL,NULL,NULL
Carlos,Silva,Sweden,NULL,NULL,NULL
David,Silva,Vietnam,NULL,NULL,NULL
Muhammad,Kim,Vietnam,NULL,NULL,NULL
Hiroshi,MYller,Sweden,NULL,NULL,NULL
Isabella,MYller,"United Kingdom",NULL,NULL,NULL
Hiroshi,Silva,Russia,NULL,NULL,NULL
Isabella,Ivanov,Vietnam,NULL,NULL,NULL
Aisha,Kim,"United Kingdom",NULL,NULL,NULL
Carlos,Johansson,Mexico,NULL,NULL,NULL
Liam,Schneider,"United Kingdom",NULL,NULL,NULL
Lucas,Johansson,Nigeria,NULL,NULL,NULL
John,Ivanov,France,NULL,NULL,NULL
Maria,Silva,"South Korea",NULL,NULL,NULL
Hiroshi,Khan,Egypt,NULL,NULL,NULL
Liam,MYller,China,NULL,NULL,NULL
Chen,Smith,Canada,NULL,NULL,NULL
Isabella,Schneider,Japan,NULL,NULL,NULL
Aisha,Ivanov,Russia,NULL,NULL,NULL
Lucas,Patel,Vietnam,NULL,NULL,NULL
Muhammad,Kim,"South Korea",NULL,NULL,NULL
Maria,Smith,China,NULL,NULL,NULL
David,Yamamoto,Nigeria,NULL,NULL,NULL
Liam,Patel,Vietnam,NULL,NULL,NULL
Lucas,Ivanov,Australia,NULL,NULL,NULL
Chen,Kim,Sweden,NULL,NULL,NULL
Elena,Garcia,China,NULL,NULL,NULL
Elena,Kim,Russia,NULL,NULL,NULL
Chen,Yamamoto,"United Kingdom",NULL,NULL,NULL
Fatima,Khan,Australia,NULL,NULL,NULL
John,Ivanov,Australia,NULL,NULL,NULL
Carlos,Kim,"United States",NULL,NULL,NULL
David,Lee,Pakistan,NULL,NULL,NULL
Aisha,Brown,"United States",NULL,NULL,NULL
Sophia,Khan,Mexico,NULL,NULL,NULL
Ingrid,Yamamoto,India,NULL,NULL,NULL
David,Martinez,Nigeria,NULL,NULL,NULL
Carlos,Kim,Mexico,NULL,NULL,NULL
Olivia,Patel,Sweden,NULL,NULL,NULL
Elena,Rossi,Brazil,NULL,NULL,NULL
Lucas,Smith,Australia,NULL,NULL,NULL
Sophia,Hassan,Italy,NULL,NULL,NULL
Sophia,Silva,Germany,NULL,NULL,NULL
Zhang,Khan,Vietnam,NULL,NULL,NULL
Liam,Nguyen,Japan,NULL,NULL,NULL
Elena,Schneider,China,NULL,NULL,NULL
Ahmed,Khan,Nigeria,NULL,NULL,NULL
Fatima,Smith,Vietnam,NULL,NULL,NULL
Chen,Rossi,Mexico,NULL,NULL,NULL
Elena,Olsen,Pakistan,NULL,NULL,NULL
Zhang,Nguyen,Germany,NULL,NULL,NULL
Aisha,Patel,Australia,NULL,NULL,NULL
Isabella,Yamamoto,Egypt,NULL,NULL,NULL
David,Patel,France,NULL,NULL,NULL
Ingrid,Martinez,Japan,NULL,NULL,NULL
Sophia,Yamamoto,Italy,NULL,NULL,NULL
Chen,Martinez,Germany,NULL,NULL,NULL
John,Brown,India,NULL,NULL,NULL
Santiago,Rossi,Spain,NULL,NULL,NULL
David,Rossi,Italy,NULL,NULL,NULL
John,Johansson,Vietnam,NULL,NULL,NULL
Isabella,Yamamoto,China,NULL,NULL,NULL
Muhammad,Hassan,Sweden,NULL,NULL,NULL
David,Khan,Spain,NULL,NULL,NULL
Muhammad,Rossi,Brazil,NULL,NULL,NULL
Olivia,Nguyen,China,NULL,NULL,NULL
John,Patel,Sweden,NULL,NULL,NULL
Carlos,Yamamoto,India,NULL,NULL,NULL
Olivia,Brown,Pakistan,NULL,NULL,NULL
Elena,Khan,China,NULL,NULL,NULL
Olivia,Johansson,"South Korea",NULL,NULL,NULL
Muhammad,Johansson,"United States",NULL,NULL,NULL
Liam,Lee,Russia,NULL,NULL,NULL
Maria,Silva,Japan,NULL,NULL,NULL
Isabella,Rossi,Spain,NULL,NULL,NULL
Isabella,Khan,France,NULL,NULL,NULL
Hiroshi,Silva,Russia,NULL,NULL,NULL
Chen,Ivanov,"United States",NULL,NULL,NULL
Isabella,Ivanov,Egypt,NULL,NULL,NULL
Chen,Hassan,Japan,NULL,NULL,NULL
Ahmed,Ivanov,Japan,NULL,NULL,NULL
Carlos,Khan,Mexico,NULL,NULL,NULL
Santiago,Dubois,"United Kingdom",NULL,NULL,NULL
Ingrid,Ivanov,Germany,NULL,NULL,NULL
Elena,Hassan,Australia,NULL,NULL,NULL
Carlos,Martinez,Canada,NULL,NULL,NULL
Santiago,Dubois,Australia,NULL,NULL,NULL
Zhang,Patel,Brazil,NULL,NULL,NULL
Ingrid,MYller,Pakistan,NULL,NULL,NULL
Fatima,Smith,Sweden,NULL,NULL,NULL
Lucas,Silva,Sweden,NULL,NULL,NULL
Chen,Ivanov,France,NULL,NULL,NULL
Fatima,Khan,Egypt,NULL,NULL,NULL
Olivia,MYller,China,NULL,NULL,NULL
Lucas,Rossi,"South Korea",NULL,NULL,NULL
Muhammad,Nguyen,Canada,NULL,NULL,NULL
Isabella,Olsen,Sweden,NULL,NULL,NULL
Isabella,Khan,Australia,NULL,NULL,NULL
Aisha,Ivanov,Pakistan,NULL,NULL,NULL
John,Ivanov,"United States",NULL,NULL,NULL
Zhang,Sato,India,NULL,NULL,NULL
Chen,Nguyen,Russia,NULL,NULL,NULL
Ingrid,Garcia,"South Korea",NULL,NULL,NULL
Maria,Johansson,India,NULL,NULL,NULL
Sara,Brown,Mexico,NULL,NULL,NULL
Hiroshi,Lee,Mexico,NULL,NULL,NULL
Maria,Garcia,Germany,NULL,NULL,NULL
Elena,Nguyen,India,NULL,NULL,NULL
Muhammad,Garcia,Brazil,NULL,NULL,NULL
David,Sato,Spain,NULL,NULL,NULL
Aisha,Khan,Italy,NULL,NULL,NULL
Santiago,Hassan,Sweden,NULL,NULL,NULL
Zhang,Olsen,France,NULL,NULL,NULL
Maria,Lee,France,NULL,NULL,NULL
Olivia,Lee,Nigeria,NULL,NULL,NULL
Chen,Nguyen,France,NULL,NULL,NULL
Sara,Johansson,Mexico,NULL,NULL,NULL
Aisha,MYller,Pakistan,NULL,NULL,NULL
Ahmed,Brown,"South Korea",NULL,NULL,NULL
Lucas,Silva,Canada,NULL,NULL,NULL
Olivia,Patel,Australia,NULL,NULL,NULL
Olivia,Garcia,France,NULL,NULL,NULL
Elena,Rossi,Nigeria,NULL,NULL,NULL
Aisha,Brown,India,NULL,NULL,NULL
Chen,Silva,Sweden,NULL,NULL,NULL
Ahmed,Olsen,"United Kingdom",NULL,NULL,NULL
Liam,Patel,Nigeria,NULL,NULL,NULL
Chen,Rossi,India,NULL,NULL,NULL
Lucas,Olsen,Australia,NULL,NULL,NULL
Elena,Olsen,Vietnam,NULL,NULL,NULL
Santiago,Brown,Italy,NULL,NULL,NULL
Isabella,Dubois,Spain,NULL,NULL,NULL
Maria,Kim,Nigeria,NULL,NULL,NULL
Santiago,Kim,Canada,NULL,NULL,NULL
Ahmed,Yamamoto,Nigeria,NULL,NULL,NULL
John,Johansson,Brazil,NULL,NULL,NULL
Hiroshi,Brown,Spain,NULL,NULL,NULL
Chen,MYller,"United States",NULL,NULL,NULL
John,Ivanov,"South Korea",NULL,NULL,NULL
Zhang,Yamamoto,"South Korea",NULL,NULL,NULL
Sophia,Smith,"United Kingdom",NULL,NULL,NULL
Lucas,Brown,Australia,NULL,NULL,NULL
David,Nguyen,Japan,NULL,NULL,NULL
Santiago,Johansson,Vietnam,NULL,NULL,NULL
Muhammad,Martinez,Sweden,NULL,NULL,NULL
David,Rossi,Russia,NULL,NULL,NULL
Isabella,Rossi,Vietnam,NULL,NULL,NULL
Carlos,Ivanov,India,NULL,NULL,NULL
Sara,Sato,Canada,NULL,NULL,NULL
Ahmed,Dubois,"United Kingdom",NULL,NULL,NULL
Fatima,Smith,France,NULL,NULL,NULL
Chen,Brown,China,NULL,NULL,NULL
Fatima,Yamamoto,India,NULL,NULL,NULL
Hiroshi,Lee,Mexico,NULL,NULL,NULL
Santiago,Brown,Mexico,NULL,NULL,NULL
Isabella,Lee,Germany,NULL,NULL,NULL
Fatima,Sato,Sweden,NULL,NULL,NULL
Sophia,Dubois,Brazil,NULL,NULL,NULL
Sara,Kim,"United Kingdom",NULL,NULL,NULL
Isabella,Johansson,Australia,NULL,NULL,NULL
John,Brown,Egypt,NULL,NULL,NULL
Hiroshi,Olsen,Nigeria,NULL,NULL,NULL
Aisha,Olsen,Mexico,NULL,NULL,NULL
Sara,Smith,Italy,NULL,NULL,NULL
Zhang,Kim,"United Kingdom",NULL,NULL,NULL
Elena,Johansson,India,NULL,NULL,NULL
Aisha,Khan,Spain,NULL,NULL,NULL
Ahmed,Dubois,Canada,NULL,NULL,NULL
Hiroshi,Kim,Italy,NULL,NULL,NULL
Sophia,Dubois,Nigeria,NULL,NULL,NULL
Carlos,Sato,Spain,NULL,NULL,NULL
Sophia,Brown,Sweden,NULL,NULL,NULL
Santiago,MYller,"United States",NULL,NULL,NULL
Ahmed,Patel,"United States",NULL,NULL,NULL
Sara,Schneider,India,NULL,NULL,NULL
David,Dubois,Russia,NULL,NULL,NULL
Hiroshi,Silva,Canada,NULL,NULL,NULL
Ahmed,Garcia,Australia,NULL,NULL,NULL
Sara,Nguyen,Japan,NULL,NULL,NULL
Maria,MYller,Canada,NULL,NULL,NULL
Ahmed,Olsen,Sweden,NULL,NULL,NULL
Ahmed,Yamamoto,"United Kingdom",NULL,NULL,NULL
John,Patel,Brazil,NULL,NULL,NULL
Carlos,Schneider,Pakistan,NULL,NULL,NULL
Chen,Johansson,India,NULL,NULL,NULL
Maria,Ivanov,Vietnam,NULL,NULL,NULL
Carlos,Lee,Nigeria,NULL,NULL,NULL
David,Rossi,Egypt,NULL,NULL,NULL
John,Silva,Germany,NULL,NULL,NULL
Muhammad,Garcia,"South Korea",NULL,NULL,NULL
Olivia,Lee,Spain,NULL,NULL,NULL
Lucas,Lee,Japan,NULL,NULL,NULL
Sophia,Sato,"United States",NULL,NULL,NULL
Lucas,MYller,Egypt,NULL,NULL,NULL
Lucas,Nguyen,"South Korea",NULL,NULL,NULL
Olivia,Schneider,Australia,NULL,NULL,NULL
John,Yamamoto,"South Korea",NULL,NULL,NULL
Maria,Garcia,Brazil,NULL,NULL,NULL
Fatima,Martinez,Sweden,NULL,NULL,NULL
Chen,Johansson,France,NULL,NULL,NULL
Zhang,Kim,"United States",NULL,NULL,NULL
Liam,Brown,Mexico,NULL,NULL,NULL
Lucas,Nguyen,Vietnam,NULL,NULL,NULL
Ingrid,Lee,Germany,NULL,NULL,NULL
Olivia,Johansson,"South Korea",NULL,NULL,NULL
Isabella,Brown,Brazil,NULL,NULL,NULL
Fatima,Smith,China,NULL,NULL,NULL
Elena,Hassan,Spain,NULL,NULL,NULL
Zhang,Schneider,Japan,NULL,NULL,NULL
Liam,Yamamoto,Spain,NULL,NULL,NULL
John,Lee,Canada,NULL,NULL,NULL
Aisha,Lee,Sweden,NULL,NULL,NULL
David,Nguyen,Vietnam,NULL,NULL,NULL
Hiroshi,Lee,Russia,NULL,NULL,NULL
Ahmed,Rossi,"South Korea",NULL,NULL,NULL
Sophia,MYller,China,NULL,NULL,NULL
Carlos,Dubois,Canada,NULL,NULL,NULL
Fatima,Martinez,Pakistan,NULL,NULL,NULL
David,Garcia,Germany,NULL,NULL,NULL
John,Lee,Australia,NULL,NULL,NULL
Liam,Yamamoto,India,NULL,NULL,NULL
Carlos,Dubois,"United States",NULL,NULL,NULL
Muhammad,Patel,Canada,NULL,NULL,NULL
Hiroshi,Nguyen,Australia,NULL,NULL,NULL
Liam,Kim,India,NULL,NULL,NULL
John,Nguyen,Germany,NULL,NULL,NULL
David,Sato,"United States",NULL,NULL,NULL
Elena,Dubois,Italy,NULL,NULL,NULL
Liam,Silva,Spain,NULL,NULL,NULL
Muhammad,Khan,"United Kingdom",NULL,NULL,NULL
Olivia,Nguyen,Brazil,NULL,NULL,NULL
Maria,Garcia,Sweden,NULL,NULL,NULL
Fatima,MYller,Germany,NULL,NULL,NULL
Sara,Rossi,Vietnam,NULL,NULL,NULL
Carlos,Dubois,China,NULL,NULL,NULL
Elena,Yamamoto,India,NULL,NULL,NULL
Aisha,Lee,Canada,NULL,NULL,NULL
Ingrid,Brown,Vietnam,NULL,NULL,NULL
Ingrid,Johansson,France,NULL,NULL,NULL
Muhammad,Sato,Vietnam,NULL,NULL,NULL
Ingrid,Rossi,Sweden,NULL,NULL,NULL
Chen,Dubois,Russia,NULL,NULL,NULL
Santiago,Sato,Russia,NULL,NULL,NULL
Lucas,Nguyen,Pakistan,NULL,NULL,NULL
Santiago,Schneider,"United States",NULL,NULL,NULL
Aisha,Patel,Vietnam,NULL,NULL,NULL
Sara,Garcia,China,NULL,NULL,NULL
Maria,Nguyen,Russia,NULL,NULL,NULL
Muhammad,Smith,Sweden,NULL,NULL,NULL
David,Schneider,Russia,NULL,NULL,NULL
Fatima,Smith,"United Kingdom",NULL,NULL,NULL
Chen,Olsen,France,NULL,NULL,NULL
Elena,Khan,Russia,NULL,NULL,NULL
Zhang,MYller,"South Korea",NULL,NULL,NULL
Elena,Silva,Mexico,NULL,NULL,NULL
Santiago,Dubois,China,NULL,NULL,NULL
Muhammad,Kim,Italy,NULL,NULL,NULL
Isabella,Khan,Brazil,NULL,NULL,NULL
Carlos,Silva,Vietnam,NULL,NULL,NULL
Chen,Yamamoto,India,NULL,NULL,NULL
Ahmed,Lee,India,NULL,NULL,NULL
Ahmed,Martinez,Vietnam,NULL,NULL,NULL
Olivia,Yamamoto,Russia,NULL,NULL,NULL
Ingrid,Rossi,Spain,NULL,NULL,NULL
Santiago,Johansson,"South Korea",NULL,NULL,NULL
Liam,Khan,Russia,NULL,NULL,NULL
Sara,Smith,Sweden,NULL,NULL,NULL
Isabella,Olsen,Germany,NULL,NULL,NULL
Sara,Dubois,Sweden,NULL,NULL,NULL
Muhammad,Sato,France,NULL,NULL,NULL
Hiroshi,Olsen,Sweden,NULL,NULL,NULL
Ingrid,Olsen,"South Korea",NULL,NULL,NULL
Olivia,Silva,Sweden,NULL,NULL,NULL
Liam,Johansson,"South Korea",NULL,NULL,NULL
Chen,Lee,"United Kingdom",NULL,NULL,NULL
Ahmed,Martinez,Brazil,NULL,NULL,NULL
Elena,Martinez,"United States",NULL,NULL,NULL
Hiroshi,Garcia,India,NULL,NULL,NULL
Hiroshi,Hassan,France,NULL,NULL,NULL
Hiroshi,Schneider,India,NULL,NULL,NULL
Maria,Olsen,Canada,NULL,NULL,NULL
Elena,Lee,Egypt,NULL,NULL,NULL
Olivia,Olsen,Spain,NULL,NULL,NULL
Hiroshi,Garcia,"United States",NULL,NULL,NULL
Aisha,MYller,Spain,NULL,NULL,NULL
Muhammad,Brown,Germany,NULL,NULL,NULL
Maria,Brown,China,NULL,NULL,NULL
Liam,Garcia,"South Korea",NULL,NULL,NULL
Zhang,Lee,China,NULL,NULL,NULL
Ingrid,Sato,France,NULL,NULL,NULL
Elena,Kim,Mexico,NULL,NULL,NULL
Aisha,Patel,"United Kingdom",NULL,NULL,NULL
Lucas,Schneider,"South Korea",NULL,NULL,NULL
John,Khan,France,NULL,NULL,NULL
Santiago,Kim,Canada,NULL,NULL,NULL
Hiroshi,Schneider,"United States",NULL,NULL,NULL
Liam,Khan,Mexico,NULL,NULL,NULL
Carlos,Martinez,Australia,NULL,NULL,NULL
Aisha,Hassan,China,NULL,NULL,NULL
Lucas,Garcia,Spain,NULL,NULL,NULL
Santiago,Olsen,Germany,NULL,NULL,NULL
Ahmed,Johansson,Australia,NULL,NULL,NULL
John,Sato,France,NULL,NULL,NULL
Fatima,Silva,Spain,NULL,NULL,NULL
Hiroshi,Patel,France,NULL,NULL,NULL
Carlos,Dubois,"South Korea",NULL,NULL,NULL
Fatima,Garcia,"South Korea",NULL,NULL,NULL
Chen,Kim,Nigeria,NULL,NULL,NULL
Ahmed,Johansson,Nigeria,NULL,NULL,NULL
John,Dubois,Germany,NULL,NULL,NULL
David,Schneider,"United Kingdom",NULL,NULL,NULL
Liam,Ivanov,Pakistan,NULL,NULL,NULL
Santiago,Lee,Japan,NULL,NULL,NULL
John,Sato,Vietnam,NULL,NULL,NULL
Maria,Nguyen,France,NULL,NULL,NULL
Lucas,Silva,France,NULL,NULL,NULL
Isabella,MYller,Nigeria,NULL,NULL,NULL
Sara,Schneider,"South Korea",NULL,NULL,NULL
Ahmed,Kim,Japan,NULL,NULL,NULL
Hiroshi,Khan,Brazil,NULL,NULL,NULL
Ingrid,Olsen,Germany,NULL,NULL,NULL
Zhang,Hassan,Italy,NULL,NULL,NULL
Fatima,Schneider,Russia,NULL,NULL,NULL
Zhang,Kim,"United Kingdom",NULL,NULL,NULL
Muhammad,Sato,"United Kingdom",NULL,NULL,NULL
Lucas,Khan,Sweden,NULL,NULL,NULL
Hiroshi,Khan,France,NULL,NULL,NULL
Sophia,Schneider,"United Kingdom",NULL,NULL,NULL
Zhang,Schneider,Japan,NULL,NULL,NULL
Lucas,Johansson,Canada,NULL,NULL,NULL
Maria,Garcia,Sweden,NULL,NULL,NULL
Santiago,Khan,Italy,NULL,NULL,NULL
Fatima,Dubois,Italy,NULL,NULL,NULL
Fatima,Hassan,Egypt,NULL,NULL,NULL
Zhang,Schneider,Germany,NULL,NULL,NULL
Santiago,Kim,Brazil,NULL,NULL,NULL
Sophia,Patel,India,NULL,NULL,NULL
Ingrid,MYller,Mexico,NULL,NULL,NULL
Muhammad,Patel,Italy,NULL,NULL,NULL
Lucas,Garcia,Egypt,NULL,NULL,NULL
Lucas,Lee,Italy,NULL,NULL,NULL
Maria,Garcia,Russia,NULL,NULL,NULL
Fatima,Patel,Brazil,NULL,NULL,NULL
Olivia,MYller,Russia,NULL,NULL,NULL
Ingrid,Nguyen,Pakistan,NULL,NULL,NULL
Maria,Smith,Spain,NULL,NULL,NULL
Olivia,Silva,France,NULL,NULL,NULL
Ingrid,Dubois,"South Korea",NULL,NULL,NULL
Olivia,Lee,Pakistan,NULL,NULL,NULL
John,Hassan,Nigeria,NULL,NULL,NULL
Lucas,Smith,"United States",NULL,NULL,NULL
Liam,Yamamoto,"United Kingdom",NULL,NULL,NULL
Aisha,Martinez,China,NULL,NULL,NULL
David,Lee,Australia,NULL,NULL,NULL
Ahmed,Olsen,"United Kingdom",NULL,NULL,NULL
Isabella,Smith,Germany,NULL,NULL,NULL
Ingrid,Yamamoto,Brazil,NULL,NULL,NULL
Ahmed,Schneider,Sweden,NULL,NULL,NULL
Olivia,Johansson,France,NULL,NULL,NULL
Liam,Sato,Italy,NULL,NULL,NULL
Liam,Patel,"United States",NULL,NULL,NULL
Sara,Johansson,Germany,NULL,NULL,NULL
Maria,Garcia,Canada,NULL,NULL,NULL
Olivia,Silva,"United Kingdom",NULL,NULL,NULL
Elena,Sato,India,NULL,NULL,NULL
Hiroshi,MYller,China,NULL,NULL,NULL
Carlos,Silva,Egypt,NULL,NULL,NULL
John,Kim,Japan,NULL,NULL,NULL
Olivia,Schneider,Australia,NULL,NULL,NULL
Ingrid,Ivanov,"United Kingdom",NULL,NULL,NULL
John,Olsen,Sweden,NULL,NULL,NULL
Santiago,Johansson,Italy,NULL,NULL,NULL
Sophia,Sato,Canada,NULL,NULL,NULL
Zhang,Garcia,Egypt,NULL,NULL,NULL
Santiago,Olsen,"South Korea",NULL,NULL,NULL
Lucas,Rossi,France,NULL,NULL,NULL
Sara,Smith,"South Korea",NULL,NULL,NULL
Ahmed,Rossi,Vietnam,NULL,NULL,NULL
Lucas,Johansson,"United Kingdom",NULL,NULL,NULL
John,Nguyen,Mexico,NULL,NULL,NULL
Isabella,Khan,Mexico,NULL,NULL,NULL
Ahmed,Ivanov,"United States",NULL,NULL,NULL
Ingrid,Silva,Russia,NULL,NULL,NULL
David,Brown,"United States",NULL,NULL,NULL
Lucas,Hassan,Canada,NULL,NULL,NULL
Isabella,Khan,India,NULL,NULL,NULL
Hiroshi,Yamamoto,"United States",NULL,NULL,NULL
Isabella,MYller,Vietnam,NULL,NULL,NULL
Ingrid,Rossi,Australia,NULL,NULL,NULL
Olivia,Sato,Pakistan,NULL,NULL,NULL
Liam,Johansson,Egypt,NULL,NULL,NULL
Sophia,Johansson,"United Kingdom",NULL,NULL,NULL
Hiroshi,Johansson,Nigeria,NULL,NULL,NULL
Lucas,Kim,Sweden,NULL,NULL,NULL
David,Brown,"South Korea",NULL,NULL,NULL
John,Martinez,Germany,NULL,NULL,NULL
John,MYller,Italy,NULL,NULL,NULL
David,Dubois,Japan,NULL,NULL,NULL
Ingrid,Hassan,Russia,NULL,NULL,NULL
Aisha,Olsen,Sweden,NULL,NULL,NULL
Muhammad,Schneider,Pakistan,NULL,NULL,NULL
Santiago,Dubois,Italy,NULL,NULL,NULL
Sara,Patel,Spain,NULL,NULL,NULL
Santiago,Rossi,Russia,NULL,NULL,NULL
John,Rossi,Brazil,NULL,NULL,NULL
Sara,Olsen,"South Korea",NULL,NULL,NULL
Elena,Yamamoto,Germany,NULL,NULL,NULL
Maria,Yamamoto,Spain,NULL,NULL,NULL
Hiroshi,Dubois,Nigeria,NULL,NULL,NULL
Fatima,Martinez,France,NULL,NULL,NULL
Sophia,Smith,Russia,NULL,NULL,NULL
Ingrid,Dubois,Russia,NULL,NULL,NULL
Ahmed,Ivanov,India,NULL,NULL,NULL
Isabella,Hassan,Germany,NULL,NULL,NULL
Ingrid,Yamamoto,Mexico,NULL,NULL,NULL
Muhammad,Sato,Russia,NULL,NULL,NULL
Elena,Kim,Italy,NULL,NULL,NULL
Liam,MYller,Italy,NULL,NULL,NULL
Santiago,Schneider,Egypt,NULL,NULL,NULL
Lucas,Hassan,Spain,NULL,NULL,NULL
Elena,Garcia,"South Korea",NULL,NULL,NULL
Sophia,Rossi,France,NULL,NULL,NULL
Ahmed,Silva,China,NULL,NULL,NULL
Carlos,Nguyen,"United Kingdom",NULL,NULL,NULL
Hiroshi,Johansson,Japan,NULL,NULL,NULL
Ahmed,Schneider,Sweden,NULL,NULL,NULL
Muhammad,Brown,Italy,NULL,NULL,NULL
Sophia,Martinez,Brazil,NULL,NULL,NULL
Hiroshi,MYller,Australia,NULL,NULL,NULL
Ahmed,MYller,France,NULL,NULL,NULL
John,Martinez,Italy,NULL,NULL,NULL
Aisha,Schneider,"United Kingdom",NULL,NULL,NULL
Fatima,Dubois,Vietnam,NULL,NULL,NULL
Zhang,Kim,Australia,NULL,NULL,NULL
Isabella,Rossi,China,NULL,NULL,NULL
Santiago,Martinez,China,NULL,NULL,NULL
David,Smith,Italy,NULL,NULL,NULL
Olivia,Hassan,Brazil,NULL,NULL,NULL
Sophia,Silva,Mexico,NULL,NULL,NULL
Fatima,Yamamoto,Australia,NULL,NULL,NULL
Lucas,Smith,Japan,NULL,NULL,NULL
Fatima,Lee,India,NULL,NULL,NULL
Sophia,Dubois,India,NULL,NULL,NULL
Santiago,Lee,Brazil,NULL,NULL,NULL
Olivia,Smith,"United Kingdom",NULL,NULL,NULL
Carlos,Martinez,Brazil,NULL,NULL,NULL
Ahmed,Dubois,France,NULL,NULL,NULL
Zhang,Hassan,China,NULL,NULL,NULL
Hiroshi,Brown,Mexico,NULL,NULL,NULL
Muhammad,Nguyen,France,NULL,NULL,NULL
Hiroshi,Hassan,Egypt,NULL,NULL,NULL
Maria,Ivanov,Nigeria,NULL,NULL,NULL
Olivia,Lee,Brazil,NULL,NULL,NULL
Olivia,Schneider,France,NULL,NULL,NULL
Carlos,Sato,China,NULL,NULL,NULL
Sara,Olsen,Russia,NULL,NULL,NULL
Ingrid,MYller,"United States",NULL,NULL,NULL
John,Dubois,India,NULL,NULL,NULL
Sara,Khan,Pakistan,NULL,NULL,NULL
Isabella,Schneider,Brazil,NULL,NULL,NULL
Carlos,Hassan,Pakistan,NULL,NULL,NULL
Santiago,Yamamoto,"United Kingdom",NULL,NULL,NULL
Muhammad,Nguyen,"United States",NULL,NULL,NULL
Carlos,Sato,Pakistan,NULL,NULL,NULL
Sara,Nguyen,France,NULL,NULL,NULL
David,Brown,Mexico,NULL,NULL,NULL
Chen,Rossi,Italy,NULL,NULL,NULL
Sophia,Nguyen,Italy,NULL,NULL,NULL
Muhammad,MYller,Vietnam,NULL,NULL,NULL
John,Brown,China,NULL,NULL,NULL
Ingrid,Garcia,Canada,NULL,NULL,NULL
Maria,MYller,Brazil,NULL,NULL,NULL
Elena,Johansson,"South Korea",NULL,NULL,NULL
Lucas,Martinez,Sweden,NULL,NULL,NULL
Sara,Garcia,Russia,NULL,NULL,NULL
David,Patel,India,NULL,NULL,NULL
Ingrid,Sato,Germany,NULL,NULL,NULL
Aisha,Dubois,Mexico,NULL,NULL,NULL
Lucas,Ivanov,"United Kingdom",NULL,NULL,NULL
Ahmed,Patel,Vietnam,NULL,NULL,NULL
Lucas,Schneider,France,NULL,NULL,NULL
Aisha,Patel,Spain,NULL,NULL,NULL
Ingrid,Ivanov,Canada,NULL,NULL,NULL
Isabella,Hassan,India,NULL,NULL,NULL
Ahmed,Lee,Vietnam,NULL,NULL,NULL
Isabella,Johansson,Russia,NULL,NULL,NULL
Elena,Sato,Sweden,NULL,NULL,NULL
David,Khan,India,NULL,NULL,NULL
Zhang,Olsen,Germany,NULL,NULL,NULL
Hiroshi,Schneider,"South Korea",NULL,NULL,NULL
Aisha,MYller,India,NULL,NULL,NULL
Aisha,Johansson,Nigeria,NULL,NULL,NULL
Hiroshi,Silva,France,NULL,NULL,NULL
Zhang,Silva,Mexico,NULL,NULL,NULL
Olivia,Ivanov,Vietnam,NULL,NULL,NULL
John,Dubois,Mexico,NULL,NULL,NULL
Liam,Martinez,Vietnam,NULL,NULL,NULL
Olivia,Brown,Egypt,NULL,NULL,NULL
Muhammad,Martinez,Nigeria,NULL,NULL,NULL
Lucas,Khan,Germany,NULL,NULL,NULL
Olivia,Khan,India,NULL,NULL,NULL
Ahmed,Johansson,Australia,NULL,NULL,NULL
Aisha,Martinez,China,NULL,NULL,NULL
Fatima,Olsen,Spain,NULL,NULL,NULL
Zhang,Garcia,Russia,NULL,NULL,NULL
Liam,Garcia,Brazil,NULL,NULL,NULL
Olivia,Ivanov,Mexico,NULL,NULL,NULL
Elena,Sato,"United Kingdom",NULL,NULL,NULL
Hiroshi,Olsen,Brazil,NULL,NULL,NULL
Santiago,Sato,Brazil,NULL,NULL,NULL
David,Smith,"United States",NULL,NULL,NULL
Zhang,Garcia,Australia,NULL,NULL,NULL
John,Khan,Japan,NULL,NULL,NULL
Sara,Lee,"South Korea",NULL,NULL,NULL
Ahmed,Garcia,"South Korea",NULL,NULL,NULL
Hiroshi,Johansson,Vietnam,NULL,NULL,NULL
Lucas,Olsen,"United Kingdom",NULL,NULL,NULL
Liam,Hassan,Spain,NULL,NULL,NULL
Sara,MYller,China,NULL,NULL,NULL
Liam,Garcia,Russia,NULL,NULL,NULL
Elena,Khan,Italy,NULL,NULL,NULL
Liam,Rossi,India,NULL,NULL,NULL
Carlos,Ivanov,Germany,NULL,NULL,NULL
Chen,Rossi,Russia,NULL,NULL,NULL
Olivia,Garcia,Germany,NULL,NULL,NULL
Zhang,Dubois,Pakistan,NULL,NULL,NULL
Isabella,Lee,"South Korea",NULL,NULL,NULL
Ahmed,Sato,Canada,NULL,NULL,NULL
Chen,Nguyen,Pakistan,NULL,NULL,NULL
David,Brown,Pakistan,NULL,NULL,NULL
Zhang,Nguyen,"United Kingdom",NULL,NULL,NULL
Sara,Nguyen,France,NULL,NULL,NULL
Olivia,Khan,Australia,NULL,NULL,NULL
Zhang,Sato,France,NULL,NULL,NULL
Elena,Garcia,Mexico,NULL,NULL,NULL
Olivia,Brown,India,NULL,NULL,NULL
David,Dubois,Spain,NULL,NULL,NULL
John,Kim,Brazil,NULL,NULL,NULL
Hiroshi,Kim,Canada,NULL,NULL,NULL
Zhang,Schneider,Nigeria,NULL,NULL,NULL
Carlos,Brown,France,NULL,NULL,NULL
Liam,Rossi,"United Kingdom",NULL,NULL,NULL
Zhang,Martinez,Sweden,NULL,NULL,NULL
Sara,Nguyen,Sweden,NULL,NULL,NULL
Zhang,Kim,Russia,NULL,NULL,NULL
Aisha,Martinez,"South Korea",NULL,NULL,NULL
Liam,Khan,"United States",NULL,NULL,NULL
Santiago,Rossi,Sweden,NULL,NULL,NULL
Carlos,Silva,Sweden,NULL,NULL,NULL
Chen,Brown,China,NULL,NULL,NULL
Hiroshi,Martinez,Spain,NULL,NULL,NULL
Maria,Garcia,Italy,NULL,NULL,NULL
Sophia,Brown,"United Kingdom",NULL,NULL,NULL
Olivia,Martinez,Japan,NULL,NULL,NULL
Ingrid,Smith,Canada,NULL,NULL,NULL
Olivia,Ivanov,Australia,NULL,NULL,NULL
Sara,MYller,Spain,NULL,NULL,NULL
Santiago,Rossi,Russia,NULL,NULL,NULL
Sara,Patel,Spain,NULL,NULL,NULL
Chen,Garcia,Japan,NULL,NULL,NULL
Hiroshi,Sato,China,NULL,NULL,NULL
Sara,Rossi,China,NULL,NULL,NULL
Aisha,Lee,Egypt,NULL,NULL,NULL
Ahmed,Martinez,Russia,NULL,NULL,NULL
Sara,Lee,Brazil,NULL,NULL,NULL
John,Hassan,"United Kingdom",NULL,NULL,NULL
Sophia,Rossi,Japan,NULL,NULL,NULL
Sophia,Sato,Italy,NULL,NULL,NULL
Olivia,Yamamoto,Germany,NULL,NULL,NULL
Zhang,MYller,Mexico,NULL,NULL,NULL
John,Smith,Spain,NULL,NULL,NULL
Olivia,MYller,Pakistan,NULL,NULL,NULL
Maria,Hassan,"United Kingdom",NULL,NULL,NULL
Hiroshi,Ivanov,Italy,NULL,NULL,NULL
Liam,Smith,Australia,NULL,NULL,NULL
Ahmed,Dubois,Pakistan,NULL,NULL,NULL
Ahmed,Patel,Pakistan,NULL,NULL,NULL
Muhammad,Ivanov,Canada,NULL,NULL,NULL
Liam,Ivanov,Brazil,NULL,NULL,NULL
Santiago,MYller,Pakistan,NULL,NULL,NULL
Ahmed,Smith,Brazil,NULL,NULL,NULL
Aisha,Johansson,Japan,NULL,NULL,NULL
Sophia,Dubois,Japan,NULL,NULL,NULL
Muhammad,MYller,China,NULL,NULL,NULL
Aisha,Martinez,Germany,NULL,NULL,NULL
Olivia,Hassan,"United States",NULL,NULL,NULL
Aisha,Silva,"South Korea",NULL,NULL,NULL
Ingrid,Kim,Brazil,NULL,NULL,NULL
Santiago,Olsen,Canada,NULL,NULL,NULL
Olivia,Brown,China,NULL,NULL,NULL
Zhang,Garcia,"South Korea",NULL,NULL,NULL
Olivia,Martinez,Egypt,NULL,NULL,NULL
Chen,Yamamoto,Mexico,NULL,NULL,NULL
Zhang,Brown,Russia,NULL,NULL,NULL
Muhammad,Hassan,"South Korea",NULL,NULL,NULL
Muhammad,Schneider,Australia,NULL,NULL,NULL
Sara,Johansson,Germany,NULL,NULL,NULL
Aisha,Yamamoto,Australia,NULL,NULL,NULL
Zhang,Martinez,"South Korea",NULL,NULL,NULL
Sara,Ivanov,Australia,NULL,NULL,NULL
Fatima,Rossi,Japan,NULL,NULL,NULL
Sophia,Schneider,France,NULL,NULL,NULL
Olivia,Hassan,Russia,NULL,NULL,NULL
Zhang,Rossi,Nigeria,NULL,NULL,NULL
Lucas,Silva,Japan,NULL,NULL,NULL
Sara,Hassan,"South Korea",NULL,NULL,NULL
Santiago,Khan,Pakistan,NULL,NULL,NULL
Ahmed,Yamamoto,Vietnam,NULL,NULL,NULL
Ingrid,Martinez,Brazil,NULL,NULL,NULL
Fatima,Kim,"South Korea",NULL,NULL,NULL
Muhammad,Martinez,Nigeria,NULL,NULL,NULL
John,Sato,France,NULL,NULL,NULL
Carlos,Ivanov,China,NULL,NULL,NULL
Ahmed,Martinez,India,NULL,NULL,NULL
Olivia,MYller,"United Kingdom",NULL,NULL,NULL
Santiago,Hassan,Nigeria,NULL,NULL,NULL
David,Sato,Australia,NULL,NULL,NULL
John,Hassan,Australia,NULL,NULL,NULL
Sophia,Schneider,Egypt,NULL,NULL,NULL
Maria,Olsen,India,NULL,NULL,NULL
Maria,Dubois,Sweden,NULL,NULL,NULL
Liam,Patel,"South Korea",NULL,NULL,NULL
Olivia,MYller,"South Korea",NULL,NULL,NULL
Ahmed,Garcia,Russia,NULL,NULL,NULL
Carlos,Silva,Sweden,NULL,NULL,NULL
Ahmed,Kim,Vietnam,NULL,NULL,NULL
Liam,Khan,Italy,NULL,NULL,NULL
Liam,Rossi,Canada,NULL,NULL,NULL
